store_key,country,state,total_sales
0,Online,Online,8941131.31
45,"United States",Connecticut,1080364.07
54,"United States",Nebraska,1074717.82
9,Canada,"Northwest Territories",1063240.26
50,"United States",Kansas,1058325.43
55,"United States",Nevada,1056804.46
65,"United States","West Virginia",1019252.80
61,"United States","South Carolina",996910.36
59,"United States",Oregon,976799.81
57,"United States","New Mexico",966825.24
